synthetic_sme_id,synthetic_manager_id,manager_enterprise_sequence,manager_sex,manager_age_band,manager_education_level,manager_urban_rural,manager_in_workforce,sme_enterprise_activity_1digit,sme_enterprise_age_band,sme_ownership_structure,sme_household_ownership_share_band,sme_workplace_type,sme_current_capital_band,sme_startup_capital_band,sme_startup_capital_source,sme_primary_buyer_type,sme_has_business_license,sme_has_commercial_registration,sme_keeps_accounting_books,sme_has_online_page_or_storefront,sme_has_mobile_sales_app,sme_share_of_sales_online_band,sme_hires_nonhousehold_workers,sme_num_nonhousehold_workers_band,sme_num_related_external_workers_band,sme_any_workers_with_social_insurance,sme_num_workers_with_social_insurance_band,sme_new_workers_joined_last12m,sme_workers_left_last12m,sme_annual_wage_bill_band,sme_annual_taxes_paid_band,sme_average_monthly_net_earnings_band
1,3,1,0,1,1,1,1,2,-1,1,-1,12,7,1,1,1,0,1,1,0,0,-1,0,0,0,0,0,0,0,0,-1,-1
2,13,1,0,5,1,1,1,7,5,1,-1,6,7,3,1,1,0,0,0,0,0,-1,0,0,0,0,0,0,0,0,-1,2
3,15,1,0,6,1,1,0,17,3,1,-1,2,-1,4,1,1,1,0,-1,0,0,-1,1,0,0,0,0,0,0,0,-1,5
4,15,2,0,6,1,1,0,0,2,2,-1,9,6,6,1,1,0,0,1,0,0,-1,0,0,0,0,0,0,0,0,-1,3
5,15,3,0,6,1,1,0,7,6,1,-1,1,4,6,1,1,0,0,0,0,0,-1,0,2,0,0,0,0,0,0,-1,4
6,19,1,0,6,1,0,0,6,5,1,-1,9,6,6,9,1,0,0,1,0,0,-1,0,0,0,0,0,0,0,-1,-1,3
7,19,2,0,6,1,0,0,0,1,1,-1,6,3,6,1,1,0,1,1,0,0,-1,0,0,0,0,0,0,0,0,4,4
8,27,1,1,6,2,0,0,6,5,1,-1,14,4,1,18,1,0,0,0,0,0,-1,0,0,0,0,0,0,0,-1,-1,3
9,27,2,1,6,2,0,0,6,3,1,-1,5,7,2,1,1,1,0,-1,0,0,-1,0,0,0,0,0,0,0,0,-1,-1
10,34,1,1,4,1,0,1,0,4,1,-1,2,1,5,-1,1,0,0,0,0,0,-1,0,0,0,0,0,0,0,0,-1,3
11,48,1,0,2,1,0,1,0,3,1,-1,9,7,7,1,1,0,1,0,0,0,-1,0,0,1,0,0,0,0,0,-1,2
12,50,1,1,6,1,0,0,6,5,1,-1,1,3,1,1,1,0,0,0,0,0,-1,0,0,0,0,0,0,0,0,-1,1
13,50,2,1,6,1,0,0,2,5,1,-1,9,4,4,1,1,-1,0,0,0,0,-1,0,0,0,0,0,0,0,-1,-1,1
14,59,1,1,4,2,0,1,6,4,1,-1,3,7,3,1,1,1,0,0,0,0,-1,0,0,0,0,0,0,0,0,-1,3
15,72,1,1,5,1,1,1,0,4,1,-1,1,6,4,1,4,1,0,0,0,0,-1,0,0,0,0,0,0,0,0,-1,4
16,80,1,0,5,1,0,1,6,5,1,-1,2,7,4,3,1,-1,0,0,0,0,-1,0,0,0,0,0,0,0,0,-1,4
17,89,1,0,2,1,1,1,6,3,1,-1,11,4,-1,2,1,0,-1,0,0,0,-1,0,0,0,0,-1,0,0,0,-1,2
18,93,1,0,5,1,1,1,7,5,1,-1,13,6,4,1,1,0,-1,0,0,0,-1,0,0,0,0,0,0,0,0,-1,5
19,94,1,1,2,1,1,0,2,2,1,-1,1,-1,2,4,1,0,0,0,0,0,-1,0,0,0,0,0,0,0,0,-1,1
20,100,1,1,6,1,1,0,18,4,1,-1,1,4,1,1,1,1,0,1,0,0,-1,0,0,0,0,0,0,0,0,-1,3
21,100,2,1,6,1,1,0,0,6,1,-1,1,4,4,3,1,0,0,0,0,0,-1,0,0,0,0,0,0,0,0,2,2
22,100,3,1,6,1,1,0,6,3,1,-1,12,3,7,1,1,0,0,0,0,0,-1,0,0,0,0,0,0,0,0,-1,3
23,108,1,0,2,2,1,1,5,4,1,2,6,4,7,1,11,1,0,0,0,0,-1,0,0,0,0,0,0,0,5,-1,5
24,129,1,0,6,1,0,0,6,6,1,-1,2,7,3,1,1,1,1,0,0,0,-1,0,1,0,0,0,0,0,0,-1,-1
25,131,1,0,3,4,0,1,7,3,1,-1,9,7,5,1,1,0,0,0,0,0,-1,0,0,0,0,0,0,0,0,-1,1
26,131,2,0,3,4,0,1,6,4,1,-1,1,7,2,1,1,1,1,0,0,0,-1,0,0,0,0,-1,0,0,0,-1,4
27,132,1,1,5,1,0,1,6,4,1,-1,4,2,2,1,1,0,0,0,0,0,-1,0,0,0,0,0,0,0,0,-1,1
28,146,1,1,6,1,1,0,6,6,1,-1,1,6,6,1,1,0,0,0,0,0,-1,0,0,0,0,0,0,0,0,-1,4
29,146,2,1,6,1,1,0,6,4,1,-1,9,4,3,8,1,0,0,0,0,0,-1,0,0,0,0,0,0,0,0,-1,3
30,146,3,1,6,1,1,0,8,6,1,-1,1,6,2,1,1,0,0,0,0,0,-1,1,0,0,0,0,0,0,0,3,1
31,148,1,1,3,1,1,1,18,4,1,-1,1,2,5,2,1,0,0,0,0,0,-1,0,0,0,0,0,0,0,0,-1,1
32,152,1,1,6,1,0,0,2,4,1,-1,1,2,2,1,1,0,0,0,0,0,-1,0,0,0,0,0,0,0,0,-1,2
33,152,2,1,6,1,0,0,2,3,1,-1,2,4,2,1,1,0,0,0,0,0,-1,0,0,0,0,0,0,0,0,-1,1
34,152,3,1,6,1,0,0,6,5,1,-1,2,6,4,1,1,0,0,0,0,0,-1,0,0,0,0,0,0,0,0,-1,5
35,154,1,0,3,4,0,1,12,5,1,-1,2,4,-1,1,1,0,1,1,0,1,-1,1,0,0,0,-1,0,0,0,-1,3
36,156,1,0,5,2,0,1,6,5,1,-1,3,6,7,3,1,1,1,0,0,0,-1,0,0,0,0,0,0,0,-1,-1,3
37,157,1,0,5,2,0,1,6,4,1,-1,9,4,2,1,1,0,0,0,0,0,-1,1,0,0,1,0,0,0,0,-1,3
38,166,1,1,6,1,1,0,0,4,1,-1,13,4,7,1,1,0,0,0,0,0,-1,0,0,0,0,0,0,0,0,-1,-1
39,166,2,1,6,1,1,0,6,1,1,-1,1,4,2,1,1,0,0,0,0,0,-1,0,0,0,0,0,0,0,0,-1,-1
40,166,3,1,6,1,1,0,6,1,1,-1,1,4,3,4,1,0,0,1,0,0,-1,0,0,0,0,0,0,0,0,-1,1
41,180,1,0,6,1,0,0,0,5,1,-1,13,7,5,1,6,1,1,0,0,0,-1,1,0,0,0,0,0,0,-1,-1,2
42,180,2,0,6,1,0,0,6,4,1,-1,13,7,6,17,1,1,-1,0,0,0,-1,0,0,0,0,0,0,0,0,-1,-1
43,180,3,0,6,1,0,0,7,-1,2,-1,11,1,1,1,1,0,1,-1,0,0,-1,0,0,0,0,0,0,0,0,2,3
44,181,1,1,6,1,1,0,2,5,1,-1,1,6,6,1,1,0,0,0,0,0,-1,0,0,0,0,0,0,0,0,-1,1
45,181,2,1,6,1,1,0,6,5,1,-1,1,2,4,18,1,0,0,0,0,0,-1,0,0,0,0,0,0,0,-1,-1,2
46,181,3,1,6,1,1,0,6,5,1,-1,1,5,1,8,1,0,0,0,0,0,0,1,0,0,0,0,0,0,0,-1,3
47,184,1,0,6,1,1,0,18,4,1,-1,9,6,6,1,1,1,0,0,0,0,-1,0,0,0,0,0,0,0,0,-1,3
48,186,1,0,3,2,0,1,6,4,1,-1,11,6,4,2,1,0,0,1,0,0,1,0,0,0,0,-1,0,0,0,-1,2
49,197,1,1,6,1,1,0,0,6,1,-1,12,1,5,3,1,0,0,0,0,0,-1,0,0,0,0,0,0,0,0,-1,-1
50,197,2,1,6,1,1,0,6,-1,1,-1,4,7,2,2,1,0,0,0,0,0,-1,0,0,0,0,0,0,0,-1,-1,1
51,197,3,1,6,1,1,0,6,5,1,-1,1,3,1,3,1,0,0,0,0,0,-1,0,0,0,0,0,0,0,0,-1,-1
52,200,1,1,6,4,0,0,15,5,1,-1,14,4,3,16,6,0,-1,0,0,0,-1,0,0,0,1,0,0,0,0,-1,0
53,208,1,0,6,1,1,0,7,5,1,-1,2,7,3,1,1,1,-1,0,0,0,-1,0,0,0,0,0,0,0,-1,-1,2
54,208,2,0,6,1,1,0,6,6,1,-1,4,5,1,9,1,0,0,0,0,0,-1,1,0,0,0,0,0,0,0,-1,1
55,217,1,0,3,1,0,1,5,2,1,-1,2,6,6,3,1,1,1,1,0,0,-1,0,0,0,0,0,0,0,0,-1,5
56,222,1,0,6,1,0,0,5,5,1,-1,2,6,6,2,1,1,1,0,0,0,-1,0,0,0,0,0,0,0,0,-1,2
57,222,2,0,6,1,0,0,6,4,1,-1,2,2,1,4,1,1,0,0,0,0,-1,0,0,0,0,-1,0,0,-1,-1,3
58,222,3,0,6,1,0,0,8,3,1,-1,2,5,3,1,1,1,-1,1,0,0,-1,0,0,0,0,1,0,0,0,-1,4
59,242,1,1,6,1,1,0,0,5,1,-1,4,5,4,1,1,0,0,0,0,0,-1,0,1,0,0,0,0,0,0,-1,1
60,248,1,0,5,1,1,1,6,3,1,-1,12,7,6,1,1,0,0,0,0,0,-1,0,0,0,0,0,0,0,-1,-1,1
61,252,1,1,1,1,1,1,0,2,1,-1,13,6,1,2,1,0,0,0,0,0,-1,0,0,0,0,0,0,0,0,-1,1
62,260,1,1,6,1,1,0,6,4,1,-1,4,3,6,1,1,0,0,0,0,0,-1,0,0,0,0,0,0,0,0,-1,-1
63,260,2,1,6,1,1,0,6,5,1,-1,1,4,2,2,1,0,0,0,0,0,-1,0,0,0,0,0,0,0,0,-1,4
64,260,3,1,6,1,1,0,0,5,1,-1,2,2,2,1,1,0,0,0,0,0,-1,0,0,0,0,0,0,0,0,-1,1
65,272,1,1,6,1,1,0,0,6,1,-1,13,6,3,1,1,0,0,0,0,0,1,0,0,0,0,-1,0,0,0,-1,5
66,272,2,1,6,1,1,0,6,-1,1,2,1,5,3,6,1,1,0,1,0,0,-1,1,0,0,0,0,0,0,0,-1,1
67,283,1,0,2,2,1,1,2,3,1,-1,2,3,6,17,1,1,0,0,0,0,-1,0,0,0,0,-1,0,0,0,-1,3
68,283,2,0,2,2,1,1,6,3,1,-1,2,2,7,1,1,0,0,-1,0,0,-1,0,0,0,0,0,0,0,0,-1,5
69,293,1,0,5,2,0,1,5,5,1,-1,1,4,6,3,1,1,-1,0,0,0,-1,0,0,0,0,0,0,0,0,-1,-1
70,295,1,0,4,1,0,1,7,5,1,1,3,1,7,-1,1,0,1,0,0,0,-1,0,0,0,0,-1,0,0,-1,1,4
71,303,1,0,6,2,1,0,5,5,1,-1,1,7,5,1,1,0,1,0,0,0,-1,0,0,0,0,0,0,0,0,-1,3
72,303,2,0,6,2,1,0,0,6,2,2,6,6,6,1,1,0,-1,1,0,0,-1,0,1,0,0,0,0,0,0,-1,2
73,303,3,0,6,2,1,0,5,4,1,-1,11,7,1,1,1,0,0,0,0,0,-1,0,0,0,0,0,0,0,0,-1,2
74,306,1,0,3,1,1,1,7,2,1,-1,2,-1,1,1,1,0,0,0,0,0,-1,0,0,0,0,-1,0,0,0,-1,4
75,309,1,0,2,2,1,1,5,3,2,-1,2,6,3,1,1,0,1,0,0,0,-1,1,0,0,0,0,0,0,0,-1,3
76,315,1,1,1,1,1,1,18,2,2,-1,1,4,2,3,1,0,0,0,0,0,-1,0,0,0,0,0,0,0,0,-1,1
77,336,1,0,4,2,1,1,6,2,1,2,12,5,1,1,1,-1,0,0,0,0,-1,0,0,0,0,0,0,0,0,-1,2
78,336,2,0,4,2,1,1,0,4,1,-1,14,5,5,1,1,1,0,0,0,0,-1,0,0,0,0,0,0,0,0,-1,3
79,339,1,0,6,1,0,0,7,5,1,-1,14,7,3,13,1,1,0,1,0,0,-1,0,0,0,0,0,0,0,0,-1,2
80,352,1,1,6,1,1,0,8,4,1,-1,1,3,4,1,1,-1,0,0,0,0,1,0,0,0,0,0,0,0,-1,-1,3
81,363,1,0,6,1,1,0,18,6,1,-1,1,-1,2,1,1,1,0,0,0,0,-1,0,0,0,1,-1,0,0,-1,-1,-1
82,363,2,0,6,1,1,0,0,5,1,-1,13,4,4,1,1,0,0,0,0,0,-1,0,0,0,0,0,0,0,0,-1,3
83,385,1,0,4,2,0,1,5,5,1,-1,2,7,6,1,1,0,1,0,0,1,-1,0,0,0,0,0,0,0,0,-1,2
84,415,1,1,6,1,1,0,8,5,1,-1,8,6,7,1,1,0,0,0,0,0,-1,0,0,0,0,0,0,0,0,-1,4
85,422,1,0,4,1,1,1,7,3,1,-1,2,7,4,3,1,0,0,0,0,0,-1,0,0,0,0,0,0,0,3,-1,3
86,424,1,0,6,1,1,1,7,4,1,-1,12,5,4,1,1,1,-1,0,0,0,-1,1,0,0,0,-1,0,0,0,-1,2
87,427,1,0,6,1,0,0,18,6,1,-1,1,7,1,9,1,0,-1,0,0,0,-1,0,0,0,0,2,0,0,-1,-1,2
88,427,2,0,6,1,0,0,19,5,1,-1,9,7,6,1,1,1,0,1,0,0,-1,0,0,0,0,-1,0,0,0,-1,2
89,431,1,1,6,4,0,0,15,4,1,-1,1,1,3,4,1,1,0,0,0,0,-1,0,0,0,0,0,0,0,0,-1,4
90,431,2,1,6,4,0,0,6,1,1,-1,2,7,5,4,1,0,0,0,0,0,-1,0,0,0,0,0,0,0,0,-1,4
91,431,3,1,6,4,0,0,15,5,1,-1,4,4,6,1,1,0,0,0,0,0,-1,0,0,0,0,0,0,0,0,-1,5
92,443,1,1,6,1,1,0,6,5,1,-1,2,6,2,3,1,0,0,0,0,0,-1,0,0,0,0,0,0,0,0,-1,1
93,443,2,1,6,1,1,0,19,5,1,-1,2,3,3,1,1,0,0,0,0,0,-1,0,0,0,0,0,0,0,-1,-1,3
94,443,3,1,6,1,1,0,8,1,1,-1,2,4,4,1,1,0,0,0,0,0,-1,0,0,0,0,0,0,0,0,-1,5
95,444,1,0,2,1,0,1,6,2,1,-1,2,-1,6,1,1,0,0,1,0,0,-1,0,0,1,0,-1,0,0,-1,-1,1
96,450,1,0,4,1,1,1,5,4,1,-1,2,5,2,4,1,0,0,0,0,0,-1,1,0,0,1,-1,0,0,0,-1,1
97,468,1,0,6,1,0,0,18,2,1,-1,1,1,6,2,1,1,1,0,0,0,-1,0,2,0,0,0,0,0,0,5,2
98,468,2,0,6,1,0,0,7,3,1,-1,11,5,6,3,1,1,0,1,0,0,2,0,0,0,0,0,0,0,-1,-1,1
99,477,1,1,3,1,1,1,6,4,1,-1,2,4,5,2,1,0,0,0,0,0,-1,0,0,0,0,0,0,0,0,-1,1
100,481,1,0,6,1,0,0,7,4,1,-1,2,5,6,1,1,1,1,1,0,0,-1,0,0,0,0,0,0,1,0,-1,3
101,484,1,0,2,2,1,1,2,4,1,-1,1,2,2,1,2,1,0,0,0,0,-1,1,0,0,0,0,0,0,0,-1,-1
102,486,1,0,4,4,1,1,16,4,1,-1,1,4,6,1,1,1,0,0,0,0,-1,0,1,0,0,0,0,0,-1,-1,1
103,487,1,0,6,4,0,0,16,6,1,-1,3,5,2,1,1,1,1,0,0,0,-1,0,1,0,0,0,0,0,0,-1,5
104,487,2,0,6,4,0,0,6,1,1,-1,9,6,6,2,1,1,0,0,0,0,-1,0,0,0,0,0,0,0,0,-1,2
105,492,1,0,3,1,1,1,2,4,2,-1,2,3,6,13,1,0,0,0,0,0,-1,0,0,0,1,0,0,0,-1,-1,4
106,496,1,1,2,4,0,1,15,2,1,-1,1,6,1,1,1,0,0,0,0,0,-1,0,0,0,0,0,0,0,0,-1,2
107,503,1,0,2,2,1,1,2,4,1,-1,9,7,1,1,1,1,0,0,0,0,-1,0,0,0,0,0,0,0,0,-1,0
108,507,1,1,4,1,0,1,6,4,1,-1,2,5,3,3,1,0,1,0,0,0,-1,0,0,0,0,0,0,0,0,5,5
109,508,1,0,5,3,0,1,15,4,1,-1,9,7,6,-1,1,1,0,0,0,0,-1,1,0,0,0,0,0,0,0,-1,2
110,514,1,0,2,1,1,1,7,4,1,-1,1,6,3,1,1,1,0,0,0,0,-1,1,3,1,0,-1,0,0,0,-1,-1
111,517,1,0,6,2,0,0,4,3,1,-1,2,5,4,1,1,1,0,1,0,0,-1,0,1,0,0,0,0,0,0,-1,4
112,524,1,0,6,1,0,0,5,3,1,-1,2,7,4,17,1,1,0,0,0,0,1,0,0,0,0,0,0,0,-1,5,5
113,524,2,0,6,1,0,0,7,5,1,-1,12,5,-1,1,1,0,0,0,0,0,-1,0,4,0,0,0,0,0,0,-1,1
114,524,3,0,6,1,0,0,19,4,1,-1,9,6,2,1,1,-1,1,0,0,0,-1,0,1,0,0,0,0,0,0,-1,3
115,527,1,0,4,1,1,1,18,4,1,-1,4,5,6,8,1,0,-1,0,0,0,-1,0,0,0,0,0,0,0,0,-1,5
116,537,1,0,2,2,1,1,7,4,1,-1,2,5,5,1,1,0,1,0,0,0,-1,0,0,0,0,0,0,0,0,-1,-1
117,540,1,0,6,1,1,0,18,4,1,-1,10,6,7,1,1,0,0,0,0,0,-1,0,0,0,0,-1,0,0,0,-1,1
118,540,2,0,6,1,1,0,6,4,1,-1,4,6,6,1,1,1,0,0,0,0,-1,0,0,0,0,0,0,0,0,-1,2
119,544,1,1,6,1,1,0,8,-1,2,-1,13,4,5,1,1,0,0,0,0,0,-1,0,0,0,0,0,0,0,4,-1,1
120,547,1,1,6,1,1,0,6,6,1,-1,12,5,4,4,1,0,0,0,0,0,-1,0,0,0,0,0,0,0,0,-1,1
121,549,1,1,6,1,1,0,6,5,1,-1,14,6,4,1,1,0,0,0,0,0,-1,0,0,0,0,0,0,0,0,-1,5
122,550,1,1,6,1,0,0,8,5,1,-1,1,3,2,1,1,0,0,0,0,0,-1,0,0,0,0,0,0,0,-1,-1,5
123,550,2,1,6,1,0,0,6,3,1,-1,1,3,2,4,1,0,-1,-1,0,0,-1,0,0,1,0,0,0,0,0,-1,3
124,550,3,1,6,1,0,0,6,4,1,-1,2,4,5,15,1,0,0,0,0,0,-1,1,0,0,0,0,0,0,0,-1,1
125,564,1,1,6,1,0,0,6,6,1,-1,2,1,1,1,1,0,0,1,0,0,-1,0,0,0,0,0,0,0,-1,-1,5
126,564,2,1,6,1,0,0,2,6,1,-1,1,6,2,1,1,0,0,-1,0,0,-1,0,0,0,0,0,0,0,0,-1,1
127,564,3,1,6,1,0,0,6,5,1,-1,1,4,2,1,1,0,0,0,0,0,-1,0,0,0,0,0,0,0,0,-1,-1
128,566,1,1,3,2,1,1,15,4,1,-1,4,6,3,2,1,0,0,0,0,0,-1,0,0,0,0,0,0,0,0,-1,2
129,585,1,1,6,1,1,0,0,1,1,-1,14,5,2,3,1,0,0,0,0,0,-1,0,0,0,0,0,0,0,0,-1,2
130,585,2,1,6,1,1,0,6,5,1,-1,1,7,4,1,1,1,0,0,0,0,-1,0,0,0,0,-1,0,0,-1,-1,1
131,590,1,0,6,1,1,0,7,4,1,2,12,4,6,3,1,-1,0,0,0,0,-1,0,0,0,0,-1,0,0,0,-1,4
132,591,1,1,4,2,1,1,0,2,1,-1,4,2,3,1,1,0,0,0,0,0,-1,0,0,0,0,0,0,0,0,-1,1
133,593,1,0,3,2,1,1,7,5,2,-1,2,6,4,18,1,-1,0,0,0,1,-1,0,0,0,0,0,0,0,-1,-1,2
134,602,1,0,4,4,0,1,15,5,1,-1,3,-1,6,1,1,-1,-1,0,0,0,-1,0,0,0,0,0,0,0,0,-1,3
135,611,1,1,6,1,0,0,6,1,1,-1,1,4,3,3,1,1,1,0,0,0,-1,0,0,0,0,0,0,0,0,-1,3
136,614,1,0,6,1,0,0,5,5,1,-1,2,4,4,-1,1,1,0,1,0,0,-1,0,0,0,0,0,0,0,0,-1,4
137,614,2,0,6,1,0,0,7,6,1,-1,2,1,4,1,1,1,0,0,0,0,-1,0,0,0,0,0,0,0,-1,3,3
138,621,1,1,6,1,0,0,0,5,1,-1,1,3,5,1,1,0,0,0,0,0,-1,0,0,0,0,0,0,0,-1,-1,2
139,621,2,1,6,1,0,0,8,6,1,-1,1,2,2,1,1,1,0,0,0,0,-1,0,1,0,0,0,0,0,0,-1,3
140,621,3,1,6,1,0,0,2,4,1,-1,1,1,2,1,1,0,0,0,0,0,-1,0,0,0,0,0,0,0,0,-1,5
141,625,1,1,6,1,0,0,2,3,1,-1,1,3,4,1,1,0,0,0,0,0,-1,0,0,0,0,0,0,0,0,-1,4
142,625,2,1,6,1,0,0,8,5,1,-1,1,5,1,1,1,0,0,0,0,0,-1,0,0,1,0,0,0,0,0,-1,1
143,625,3,1,6,1,0,0,6,5,1,-1,1,7,4,1,1,1,0,0,0,0,-1,0,0,0,0,0,0,0,0,-1,2
144,628,1,0,1,2,0,1,7,3,1,-1,6,6,7,1,1,0,1,1,0,0,-1,1,0,0,0,0,0,0,0,-1,1
145,634,1,0,3,2,0,1,8,4,1,-1,2,6,1,2,1,0,0,0,0,0,4,0,1,0,0,0,0,1,-1,-1,4
146,636,1,0,2,2,1,1,0,3,1,-1,12,-1,3,3,1,1,-1,1,0,0,-1,0,0,0,0,0,0,0,0,-1,4
147,653,1,0,4,1,1,1,2,5,1,-1,2,7,6,1,1,0,0,0,0,0,-1,0,0,1,0,-1,0,0,-1,-1,5
148,671,1,0,5,1,0,1,6,3,1,-1,2,3,2,17,1,1,0,0,0,0,-1,1,0,0,0,0,0,0,0,-1,5
149,673,1,0,3,4,1,1,6,3,1,-1,12,1,5,17,1,0,-1,0,0,0,-1,1,1,0,0,0,0,0,-1,-1,2
150,674,1,0,5,1,1,1,5,5,2,-1,11,6,4,3,1,0,1,0,0,0,-1,0,0,0,0,0,0,0,0,-1,2
151,677,1,1,6,1,0,0,6,5,1,-1,14,5,4,1,1,1,0,0,0,0,-1,0,0,0,0,0,0,0,0,-1,3
152,677,2,1,6,1,0,0,6,1,1,-1,14,6,2,1,1,-1,0,0,0,0,-1,0,0,0,0,0,0,0,0,-1,-1
153,677,3,1,6,1,0,0,0,4,1,-1,14,2,5,2,1,0,0,1,0,0,-1,0,0,0,0,0,0,0,0,-1,1
154,680,1,1,6,1,1,0,6,6,1,-1,1,3,1,1,1,0,1,0,0,0,-1,1,0,0,0,0,0,0,0,-1,2
155,680,2,1,6,1,1,0,0,5,1,2,3,1,4,3,1,1,-1,0,1,0,-1,0,0,0,0,0,0,0,0,-1,2
156,680,3,1,6,1,1,0,8,4,1,-1,1,7,2,1,1,0,-1,0,0,0,-1,0,0,0,0,0,0,0,0,-1,4
157,685,1,1,6,1,0,0,18,5,1,-1,1,6,1,1,1,1,0,0,0,0,-1,0,0,0,0,0,0,0,0,-1,4
158,688,1,0,6,1,1,0,6,4,1,-1,2,2,7,2,1,1,0,0,0,0,-1,0,0,0,0,0,0,0,0,-1,3
159,688,2,0,6,1,1,0,3,3,1,-1,2,7,1,1,1,0,0,0,0,0,-1,0,0,0,0,0,0,0,-1,-1,-1
160,688,3,0,6,1,1,0,6,6,1,-1,2,5,5,-1,1,0,0,1,0,0,-1,0,1,0,0,0,0,0,0,-1,4
161,692,1,0,5,2,0,1,6,2,1,-1,2,6,5,2,1,1,0,0,0,0,-1,1,0,0,0,0,0,0,0,-1,2
162,699,1,1,6,1,1,0,0,3,1,-1,1,4,1,1,1,0,0,0,0,0,-1,0,0,0,0,0,0,0,0,-1,1
163,699,2,1,6,1,1,0,8,4,1,-1,1,1,4,13,1,0,-1,0,0,0,-1,0,0,0,0,0,0,0,0,-1,5
164,699,3,1,6,1,1,0,7,4,1,-1,1,4,1,1,7,0,0,0,0,0,-1,0,0,0,0,0,0,0,0,-1,1
165,704,1,1,6,1,1,0,6,6,1,-1,1,-1,4,1,1,0,0,0,0,0,1,0,0,0,0,0,0,0,0,-1,5
166,712,1,0,6,1,0,0,5,5,1,-1,2,-1,5,9,1,0,0,0,0,0,-1,1,2,0,0,0,0,0,0,-1,4
167,712,2,0,6,1,0,0,5,4,1,-1,14,7,6,1,1,1,0,1,0,0,-1,0,0,0,0,0,0,0,-1,-1,4
168,727,1,0,1,2,0,1,5,2,1,-1,9,4,6,2,1,0,1,0,0,0,-1,1,0,0,0,0,0,0,-1,-1,3
169,742,1,1,3,3,1,1,6,4,1,-1,5,3,2,2,1,0,0,0,0,0,-1,0,1,0,0,0,0,0,0,-1,2
170,746,1,1,3,4,0,1,15,3,1,-1,2,1,1,1,1,0,1,1,0,0,-1,0,0,0,0,0,0,0,-1,-1,-1
171,747,1,1,6,1,1,0,0,1,1,-1,14,7,2,1,1,0,0,0,0,0,-1,0,0,0,0,0,0,0,0,-1,1
172,758,1,0,3,2,0,1,6,4,2,-1,9,4,6,1,1,0,0,1,0,0,-1,0,0,0,0,0,0,0,0,-1,3
173,760,1,1,4,4,1,1,2,2,1,-1,1,7,4,3,1,0,0,0,0,1,-1,0,0,0,0,0,0,0,0,-1,1
174,768,1,0,3,2,1,1,6,-1,1,-1,13,2,2,1,1,0,1,0,0,0,-1,0,0,0,0,0,0,0,0,-1,4
175,776,1,1,6,1,1,0,2,3,1,-1,4,4,7,4,1,0,0,0,0,0,-1,0,0,0,0,0,0,0,0,-1,3
176,776,2,1,6,1,1,0,6,5,1,-1,1,2,3,1,1,0,0,1,0,0,-1,0,0,0,0,0,0,0,0,-1,3
177,801,1,0,2,4,0,1,7,4,1,-1,9,1,4,1,1,0,-1,0,0,0,3,0,0,0,0,0,0,0,0,-1,5
178,821,1,1,6,1,1,0,6,6,1,-1,1,4,4,2,1,0,0,0,0,0,-1,0,0,0,0,0,0,0,0,-1,1
179,821,2,1,6,1,1,0,8,5,1,-1,1,3,2,1,11,1,0,0,0,0,-1,0,0,0,0,0,0,0,0,-1,2
180,821,3,1,6,1,1,0,0,5,1,-1,18,7,5,4,1,0,-1,0,0,0,-1,0,0,0,0,0,0,0,0,-1,5
181,822,1,0,6,1,1,0,7,5,1,-1,12,-1,5,7,1,0,0,0,0,0,-1,0,1,0,0,-1,0,0,0,-1,2
182,836,1,0,3,2,0,1,8,4,1,-1,14,7,6,4,2,0,1,1,0,0,-1,0,0,0,0,0,0,0,0,-1,3
183,837,1,1,6,1,1,0,0,5,2,-1,1,2,2,1,1,0,0,0,0,0,-1,0,0,0,0,0,0,0,0,-1,1
184,849,1,0,3,2,1,1,8,5,1,-1,6,5,1,2,1,1,0,1,0,0,-1,0,0,0,0,0,0,0,0,-1,4
185,851,1,0,2,4,0,1,6,3,1,2,2,6,5,1,1,0,1,0,1,0,-1,0,1,0,0,0,0,0,0,5,4
186,854,1,0,6,1,0,0,5,5,1,-1,14,7,4,2,1,1,-1,0,0,0,-1,0,0,0,0,0,0,0,0,-1,2
187,854,2,0,6,1,0,0,6,5,1,-1,3,7,5,3,1,0,0,0,0,0,-1,0,0,0,0,-1,0,0,0,-1,4
188,854,3,0,6,1,0,0,6,3,1,-1,9,5,1,1,1,1,1,0,0,0,-1,0,0,0,0,0,0,0,0,-1,2
189,862,1,0,3,4,0,1,0,4,1,-1,2,7,7,6,6,0,0,0,0,0,-1,1,0,0,0,-1,0,0,0,-1,1
190,863,1,0,3,1,1,1,2,3,1,-1,9,5,-1,1,1,0,0,0,0,0,-1,1,0,0,0,0,0,0,0,-1,3
191,864,1,0,2,2,0,1,0,2,1,-1,1,6,6,1,1,1,1,0,0,0,-1,1,0,0,0,0,0,0,0,-1,5
192,865,1,1,3,2,0,0,8,4,1,-1,1,6,4,1,1,0,0,0,0,0,-1,0,4,0,0,0,0,0,0,-1,3
193,869,1,1,6,1,1,0,6,6,2,-1,2,6,4,1,1,0,0,0,0,0,-1,0,0,0,0,0,0,0,0,-1,5
194,869,2,1,6,1,1,0,6,6,1,-1,1,4,1,4,1,0,0,0,0,0,-1,0,0,0,0,0,0,0,0,-1,1
195,869,3,1,6,1,1,0,0,6,1,-1,1,1,1,1,1,0,0,0,0,0,-1,0,0,0,0,0,0,0,0,-1,-1
196,870,1,1,6,1,1,0,6,5,1,-1,14,5,2,1,1,0,0,0,0,0,-1,0,0,0,0,0,0,0,0,-1,1
197,880,1,0,1,2,1,1,0,2,1,-1,2,5,1,-1,1,1,0,-1,0,0,-1,0,1,0,0,0,0,0,0,-1,1
198,902,1,0,1,2,1,1,8,3,1,-1,1,4,3,1,1,1,1,0,0,0,-1,0,1,0,0,0,0,0,0,-1,2
199,903,1,1,6,1,1,0,6,5,1,-1,13,1,6,1,1,1,0,0,0,0,-1,0,0,0,0,0,0,0,0,-1,-1
200,924,1,0,6,1,0,0,7,5,1,-1,2,6,6,1,5,0,1,0,0,0,-1,0,0,0,0,0,0,0,0,-1,-1
201,941,1,1,6,1,1,0,0,5,1,-1,2,6,3,2,1,0,0,0,0,0,-1,0,0,0,0,0,0,0,0,-1,1
202,941,2,1,6,1,1,0,6,6,1,-1,1,2,1,1,1,0,0,1,0,0,-1,0,0,0,0,0,0,0,0,-1,3
203,945,1,0,6,1,1,0,6,1,1,-1,11,5,-1,1,1,0,1,-1,0,0,-1,0,0,0,0,0,0,0,0,1,3
204,948,1,0,4,2,1,1,7,5,1,2,7,5,4,3,1,0,0,0,0,0,0,0,0,0,0,0,0,0,0,-1,4
205,951,1,0,6,1,0,0,0,5,1,-1,14,6,4,11,1,0,1,1,0,0,-1,1,0,0,0,-1,0,0,-1,-1,3
206,951,2,0,6,1,0,0,8,5,1,-1,10,7,6,1,1,1,0,0,0,0,-1,0,0,0,0,-1,0,0,0,-1,4
207,955,1,0,2,1,0,1,7,3,1,-1,14,7,4,1,9,1,1,0,0,0,-1,0,0,0,0,0,0,0,0,-1,4
208,966,1,1,6,1,0,0,0,-1,1,-1,1,3,1,1,11,1,1,0,0,0,3,0,0,0,0,0,0,0,0,-1,1
209,966,2,1,6,1,0,0,6,6,1,-1,1,3,6,1,1,-1,0,0,0,0,-1,0,0,0,0,0,0,0,0,-1,3
210,970,1,0,4,2,1,1,5,5,1,-1,12,7,2,1,1,0,0,0,0,0,-1,0,0,0,0,-1,0,0,-1,-1,4
211,974,1,1,6,1,1,0,0,4,1,-1,1,6,4,8,1,1,0,0,0,0,-1,0,0,0,0,0,0,0,-1,-1,1
212,974,2,1,6,1,1,0,6,5,1,-1,2,5,5,1,1,0,0,0,0,0,-1,0,0,0,0,0,0,0,0,-1,-1
213,974,3,1,6,1,1,0,6,5,1,-1,1,2,2,1,6,0,0,0,0,0,-1,1,0,0,0,0,0,0,0,-1,5
214,975,1,1,6,2,0,0,6,2,1,-1,1,2,5,1,2,1,0,0,0,0,0,0,0,0,0,0,0,0,0,-1,5
215,975,2,1,6,2,0,0,6,4,1,-1,13,-1,2,1,1,0,0,0,0,0,-1,0,0,0,0,0,0,0,0,-1,5
216,980,1,0,4,1,1,1,19,4,1,-1,5,1,7,1,1,1,0,0,0,0,3,0,0,0,0,0,0,0,0,5,-1
217,982,1,0,2,2,0,1,7,-1,1,-1,14,6,3,2,1,1,0,0,0,0,-1,0,0,0,0,0,0,0,0,-1,3
218,988,1,0,6,1,0,1,2,3,2,-1,9,7,6,7,1,1,1,1,0,0,-1,0,0,0,0,-1,0,0,0,-1,-1
219,990,1,0,1,2,1,1,8,2,1,-1,1,2,3,1,1,1,1,0,0,0,-1,0,0,0,0,-1,0,0,-1,-1,2
220,996,1,1,1,1,1,1,0,2,1,-1,4,6,3,2,1,0,0,1,0,0,-1,0,0,0,0,0,0,0,0,-1,1
